1,レディース,2019-01-26 05:52:55,2019-01-26 05:52:55,,14,66
2,メンズ,2019-01-26 05:52:55,2019-01-26 05:52:55,,67,117
3,ベビー・キッズ,2019-01-26 05:52:55,2019-01-26 05:52:55,,118,120
4,インテリア・住まい・小物,2019-01-26 05:52:55,2019-01-26 05:52:55,,121,123
5,本・音楽・ゲーム,2019-01-26 05:52:55,2019-01-26 05:52:55,,124,127
6,おもちゃ・ホビー・グッズ,2019-01-26 05:52:55,2019-01-26 05:52:55,,128,130
7,コスメ・香水・美容,2019-01-26 05:52:55,2019-01-26 05:52:55,,131,133
8,家電・スマホ・カメラ,2019-01-26 05:52:55,2019-01-26 05:52:55,,134,136
9,スポーツ・レジャー,2019-01-26 05:52:55,2019-01-26 05:52:55,,137,139
10,ハンドメイド,2019-01-26 05:52:55,2019-01-26 05:52:55,,140,141
11,チケット,2019-01-26 05:52:55,2019-01-26 05:52:55,,142,144
12,自転車・オートバイ,2019-01-26 05:52:55,2019-01-26 05:52:55,,146,147
13,その他,2019-01-26 05:52:55,2019-01-26 05:52:55,,148,149
14,トップス,2019-01-26 05:52:55,2019-01-26 05:52:55,1,28,41
15,ジャケット/アウター,2019-01-26 05:52:55,2019-01-26 05:52:55,1,42,50
16,パンツ,2019-01-26 05:52:55,2019-01-26 05:52:55,1,51,58
17,スカート,2019-01-26 05:52:55,2019-01-26 05:52:55,1,59,62
18,ワンピース,2019-01-26 05:52:55,2019-01-26 05:52:55,1,18,18
19,靴,2019-01-26 05:52:55,2019-01-26 05:52:55,1,63,66
20,ルームウェア/パジャマ,2019-01-26 05:52:55,2019-01-26 05:52:55,1,20,20
21,レッグウェア,2019-01-26 05:52:55,2019-01-26 05:52:55,1,21,21
22,帽子,2019-01-26 05:52:55,2019-01-26 05:52:55,1,22,22
23,バッグ,2019-01-26 05:52:55,2019-01-26 05:52:55,1,23,23
24,アクセサリー,2019-01-26 05:52:55,2019-01-26 05:52:55,1,24,24
25,ヘアアクセサリー,2019-01-26 05:52:55,2019-01-26 05:52:55,1,25,25
26,小物,2019-01-26 05:52:55,2019-01-26 05:52:55,1,26,26
27,時計,2019-01-26 05:52:55,2019-01-26 05:52:55,1,27,27
28,Tシャツ/カットソー(半袖/袖なし ),2019-01-26 05:52:55,2019-01-26 05:52:55,14,29,29
29,Tシャツ/カットソー(七分/長袖),2019-01-26 05:52:55,2019-01-26 05:52:55,14,29,29
30,シャツ/ブラウス(半袖/袖なし ),2019-01-26 05:52:55,2019-01-26 05:52:55,14,30,30
31,シャツ/ブラウス(七分/長袖),2019-01-26 05:52:55,2019-01-26 05:52:55,14,31,31
32,ポロシャツ,2019-01-26 05:52:55,2019-01-26 05:52:55,14,32,32
33,キャミソール,2019-01-26 05:52:55,2019-01-26 05:52:55,14,33,33
34,タンクトップ,2019-01-26 05:52:55,2019-01-26 05:52:55,14,34,34
35,ホルターネック,2019-01-26 05:52:55,2019-01-26 05:52:55,14,35,35
36,ニット/セーター,2019-01-26 05:52:55,2019-01-26 05:52:55,14,36,36
37,チュニック,2019-01-26 05:52:55,2019-01-26 05:52:55,14,37,37
38,カーディガン/ボレロ,2019-01-26 05:52:55,2019-01-26 05:52:55,14,38,38
39,アンサンブル,2019-01-26 05:52:55,2019-01-26 05:52:55,14,39,39
40,ベスト,2019-01-26 05:52:55,2019-01-26 05:52:55,14,40,40
41,ジレ,2019-01-26 05:52:55,2019-01-26 05:52:55,14,41,41
42,テーラードジャケット,2019-01-26 05:52:55,2019-01-26 05:52:55,15,43,43
43,ノーカラージャケット,2019-01-26 05:52:55,2019-01-26 05:52:55,15,43,43
44,Gジャン/デニムジャケット,2019-01-26 05:52:55,2019-01-26 05:52:55,15,44,44
45,レザージャケット,2019-01-26 05:52:55,2019-01-26 05:52:55,15,45,45
46,ダウンジャケット,2019-01-26 05:52:55,2019-01-26 05:52:55,15,46,46
47,ライダースジャケット,2019-01-26 05:52:55,2019-01-26 05:52:55,15,47,47
48,ミリタリージャケット,2019-01-26 05:52:55,2019-01-26 05:52:55,15,48,48
49,ダウンベスト,2019-01-26 05:52:55,2019-01-26 05:52:55,15,49,49
50,ジャンパー/ブルゾン,2019-01-26 05:52:55,2019-01-26 05:52:55,15,50,50
51,デニム/ジーンズ,2019-01-26 05:52:55,2019-01-26 05:52:55,16,52,52
52,ショートパンツ,2019-01-26 05:52:55,2019-01-26 05:52:55,16,52,52
53,カジュアルパンツ,2019-01-26 05:52:55,2019-01-26 05:52:55,16,53,53
54,ハーフパンツ,2019-01-26 05:52:55,2019-01-26 05:52:55,16,54,54
55,チノパン,2019-01-26 05:52:55,2019-01-26 05:52:55,16,55,55
56,ワークパンツ/カーゴパンツ,2019-01-26 05:52:55,2019-01-26 05:52:55,16,56,56
57,クロップドパンツ,2019-01-26 05:52:55,2019-01-26 05:52:55,16,57,57
58,サロペット/オーバーオール,2019-01-26 05:52:55,2019-01-26 05:52:55,16,58,58
59,ミニスカート,2019-01-26 05:52:55,2019-01-26 05:52:55,17,60,60
60,ひざ丈スカート,2019-01-26 05:52:55,2019-01-26 05:52:55,17,60,60
61,ロングスカート,2019-01-26 05:52:55,2019-01-26 05:52:55,17,61,61
62,キュロット,2019-01-26 05:52:55,2019-01-26 05:52:55,17,62,62
63,ハイヒール/パンプス,2019-01-26 05:52:55,2019-01-26 05:52:55,19,64,64
64,ブーツ,2019-01-26 05:52:55,2019-01-26 05:52:55,19,64,64
65,サンダル,2019-01-26 05:52:55,2019-01-26 05:52:55,19,65,65
66,スニーカー,2019-01-26 05:52:55,2019-01-26 05:52:55,19,66,66
67,トップス,2019-01-26 05:52:55,2019-01-26 05:52:55,2,79,91
68,ジャケット/アウター,2019-01-26 05:52:55,2019-01-26 05:52:55,2,92,105
69,パンツ,2019-01-26 05:52:55,2019-01-26 05:52:55,2,106,111
70,靴,2019-01-26 05:52:55,2019-01-26 05:52:55,2,112,117
71,バッグ,2019-01-26 05:52:55,2019-01-26 05:52:55,2,71,71
72,スーツ,2019-01-26 05:52:55,2019-01-26 05:52:55,2,72,72
73,帽子,2019-01-26 05:52:55,2019-01-26 05:52:55,2,73,73
74,アクセサリー,2019-01-26 05:52:55,2019-01-26 05:52:55,2,74,74
75,小物,2019-01-26 05:52:55,2019-01-26 05:52:55,2,75,75
76,時計,2019-01-26 05:52:55,2019-01-26 05:52:55,2,76,76
77,水着,2019-01-26 05:52:55,2019-01-26 05:52:55,2,77,77
78,レッグウェア,2019-01-26 05:52:55,2019-01-26 05:52:55,2,78,78
79,アンダーウェア,2019-01-26 05:52:55,2019-01-26 05:52:55,2,79,79
80,Tシャツ/カットソー(半袖/袖なし ),2019-01-26 05:52:55,2019-01-26 05:52:55,67,80,80
81,Tシャツ/カットソー(七分/長袖),2019-01-26 05:52:55,2019-01-26 05:52:55,67,81,81
82,シャツ/ブラウス(半袖/袖なし ),2019-01-26 05:52:55,2019-01-26 05:52:55,67,82,82
83,シャツ/ブラウス(七分/長袖),2019-01-26 05:52:55,2019-01-26 05:52:55,67,83,83
84,ポロシャツ,2019-01-26 05:52:55,2019-01-26 05:52:55,67,84,84
85,タンクトップ,2019-01-26 05:52:55,2019-01-26 05:52:55,67,85,85
86,ニット/セーター,2019-01-26 05:52:55,2019-01-26 05:52:55,67,86,86
87,パーカー,2019-01-26 05:52:55,2019-01-26 05:52:55,67,87,87
88,カーディガン,2019-01-26 05:52:55,2019-01-26 05:52:55,67,88,88
89,スウェット,2019-01-26 05:52:55,2019-01-26 05:52:55,67,89,89
90,ジャージ,2019-01-26 05:52:55,2019-01-26 05:52:55,67,90,90
91,ベスト,2019-01-26 05:52:55,2019-01-26 05:52:55,67,91,91
92,テーラードジャケット,2019-01-26 05:52:55,2019-01-26 05:52:55,68,92,92
93,ノーカラージャケット,2019-01-26 05:52:55,2019-01-26 05:52:55,68,93,93
94,Gジャン/デニムジャケット,2019-01-26 05:52:55,2019-01-26 05:52:55,68,94,94
95,レザージャケット,2019-01-26 05:52:55,2019-01-26 05:52:55,68,95,95
96,ダウンジャケット,2019-01-26 05:52:55,2019-01-26 05:52:55,68,96,96
97,ライダースジャケット,2019-01-26 05:52:55,2019-01-26 05:52:55,68,97,97
98,ミリタリージャケット,2019-01-26 05:52:55,2019-01-26 05:52:55,68,98,98
99,ナイロンジャケット,2019-01-26 05:52:55,2019-01-26 05:52:55,68,99,99
100,フライトジャケット,2019-01-26 05:52:55,2019-01-26 05:52:55,68,100,100
101,ダッフルコート,2019-01-26 05:52:55,2019-01-26 05:52:55,68,101,101
102,ピーコート,2019-01-26 05:52:55,2019-01-26 05:52:55,68,102,102
103,トレンチコート,2019-01-26 05:52:55,2019-01-26 05:52:55,68,103,103
104,モッズコート,2019-01-26 05:52:55,2019-01-26 05:52:55,68,104,104
105,ステンカラーコート,2019-01-26 05:52:55,2019-01-26 05:52:55,68,105,105
106,デニム/ジーンズ,2019-01-26 05:52:55,2019-01-26 05:52:55,69,107,107
107,ワークパンツ/カーゴパンツ,2019-01-26 05:52:55,2019-01-26 05:52:55,69,107,107
108,スラックス,2019-01-26 05:52:55,2019-01-26 05:52:55,69,108,108
109,チノパン,2019-01-26 05:52:55,2019-01-26 05:52:55,69,109,109
110,ショートパンツ,2019-01-26 05:52:55,2019-01-26 05:52:55,69,110,110
111,サルエル,2019-01-26 05:52:55,2019-01-26 05:52:55,69,111,111
112,スニーカー,2019-01-26 05:52:55,2019-01-26 05:52:55,70,113,113
113,サンダル,2019-01-26 05:52:55,2019-01-26 05:52:55,70,113,113
114,ブーツ,2019-01-26 05:52:55,2019-01-26 05:52:55,70,114,114
115,モカシン,2019-01-26 05:52:55,2019-01-26 05:52:55,70,115,115
116,ビジネス,2019-01-26 05:52:55,2019-01-26 05:52:55,70,116,116
117,デッキシューズ,2019-01-26 05:52:55,2019-01-26 05:52:55,70,117,117
118,ベビー服,2019-01-26 05:52:55,2019-01-26 05:52:55,3,118,118
119,キッズ服,2019-01-26 05:52:55,2019-01-26 05:52:55,3,119,119
120,ベビー家具,2019-01-26 05:52:55,2019-01-26 05:52:55,3,120,120
121,キッチン,2019-01-26 05:52:55,2019-01-26 05:52:55,4,121,121
122,ベッド,2019-01-26 05:52:55,2019-01-26 05:52:55,4,122,122
123,ソファ,2019-01-26 05:52:55,2019-01-26 05:52:55,4,123,123
124,本,2019-01-26 05:52:55,2019-01-26 05:52:55,5,124,124
125,漫画,2019-01-26 05:52:55,2019-01-26 05:52:55,5,125,125
126,雑誌,2019-01-26 05:52:55,2019-01-26 05:52:55,5,126,126
127,CD,2019-01-26 05:52:55,2019-01-26 05:52:55,5,127,127
128,おもちゃ,2019-01-26 05:52:55,2019-01-26 05:52:55,6,128,128
129,アニメグッズ,2019-01-26 05:52:55,2019-01-26 05:52:55,6,129,129
130,フィギュア,2019-01-26 05:52:55,2019-01-26 05:52:55,6,130,130
131,香水,2019-01-26 05:52:55,2019-01-26 05:52:55,7,131,131
132,ヘアケア,2019-01-26 05:52:55,2019-01-26 05:52:55,7,132,132
133,ベースメイク,2019-01-26 05:52:55,2019-01-26 05:52:55,7,133,133
134,スマートフォン,2019-01-26 05:52:55,2019-01-26 05:52:55,8,134,134
135,携帯,2019-01-26 05:52:55,2019-01-26 05:52:55,8,135,135
136,カメラ,2019-01-26 05:52:55,2019-01-26 05:52:55,8,136,136
137,自転車,2019-01-26 05:52:55,2019-01-26 05:52:55,9,137,137
138,フィッシング,2019-01-26 05:52:55,2019-01-26 05:52:55,9,138,138
139,ゴルフ,2019-01-26 05:52:55,2019-01-26 05:52:55,9,139,139
140,アクセサリー,2019-01-26 05:52:55,2019-01-26 05:52:55,10,140,140
141,素材/材料,2019-01-26 05:52:55,2019-01-26 05:52:55,10,141,141
142,音楽,2019-01-26 05:52:55,2019-01-26 05:52:55,11,142,142
143,スポーツ,2019-01-26 05:52:55,2019-01-26 05:52:55,11,143,143
144,イベント,2019-01-26 05:52:55,2019-01-26 05:52:55,11,144,144
145,自転車 本体,2019-01-26 05:52:55,2019-01-26 05:52:55,12,145,145
146,自転車 ホイール,2019-01-26 05:52:55,2019-01-26 05:52:55,12,146,146
147,オートバイ,2019-01-26 05:52:55,2019-01-26 05:52:55,12,147,147
148,まとめ売り,2019-01-26 05:52:55,2019-01-26 05:52:55,13,148,148
149,ペット用品,2019-01-26 05:52:55,2019-01-26 05:52:55,13,149,149
